Word,Count
fuji,74
grey,62
zinc,61
disc,61
axis,61
pool,60
club,60
text,60
dumb,60
none,58
anti,58
know,58
long,58
blog,58
eggs,56
expo,56
your,56
have,56
slim,56
pros,56
rank,55
gets,55
meet,55
just,55
true,54
aims,54
town,54
pump,54
left,54
risk,53
stud,53
high,53
peak,53
plan,53
undo,53
root,53
pics,52
code,52
like,52
word,52
data,52
lady,52
shop,52
edit,51
view,51
ours,51
mini,51
fact,51
oils,51
girl,50
john,50
java,50
good,50
used,50
navy,50
aqua,49
jeff,49
site,49
back,49
more,49
form,48
echo,48
guys,48
area,48
also,48
when,48
quiz,48
talk,48
such,48
year,48
said,47
keep,47
book,47
eric,47
help,47
drug,47
case,47
many,47
upon,47
into,47
page,47
home,47
with,46
away,46
spam,46
runs,46
very,46
find,46
bush,46
deal,46
emma,46
that,46
cube,46
evil,45
want,45
chip,45
type,45
zero,45
feel,45
does,44
city,44
tips,43
bias,43
from,43
item,43
over,42
belt,42
self,42
kids,41
turn,41
nice,40
sort,40
skin,40
wrap,40
asks,39
news,38
able,37
well,36
only,36
flag,36
easy,36
read,33
